Title,Company,Location,Post_Date,URL,Current Status,Source,Real,data,dataset,data analysis
Copywriter/Editor,Crawford Group,"Newark, CA",2018-11-14 14:37:34,https://www.indeed.com/viewjob?jk=d8ac5ebcd62dbda2,nan,indeed,True,nan,nan,nan
Reporter,"KSTP-TV, LLC","Saint Paul, MN 55114 (Saint Anthony area)",2018-11-14 07:37:10,https://www.indeed.com/viewjob?jk=f3bc6f3dad6a0921,nan,indeed,True,nan,nan,nan
P/T Photographer/Editor,Nexstar Broadcasting,"Salt Lake City, UT",2018-11-14 05:37:51,https://www.indeed.com/viewjob?jk=fa98fdfebbf45b29,nan,indeed,True,nan,nan,nan
News Production Assistant,Nexstar Broadcasting,"East Syracuse, NY",2018-11-14 05:37:19,https://www.indeed.com/viewjob?jk=31cf5df37d0c01c9,nan,indeed,True,1.0,nan,nan
Multimedia Journalist,Nexstar Broadcasting,"Myrtle Beach, SC",2018-11-14 05:37:04,https://www.indeed.com/viewjob?jk=a6c1b845b5603abf,nan,indeed,True,nan,nan,nan
KTAB Multimedia Journalist,Nexstar Broadcasting,"Abilene, TX",2018-11-14 05:37:04,https://www.indeed.com/viewjob?jk=0ddea462ed2067ad,nan,indeed,True,nan,nan,nan
KPBS Video Journalist,SDSU Research Foundation,"San Diego, CA",2018-11-14 03:37:12,https://www.indeed.com/viewjob?jk=eae9e09927c084f3,nan,indeed,True,nan,nan,nan
News & Strategic Communications Coordinator,Scripps College,"Claremont, CA 91711",2018-11-14 02:38:16,https://www.indeed.com/viewjob?jk=287a395946a4fbb1,nan,indeed,True,nan,nan,nan
Credit/Finance Reporter,Refinitiv,"New York, NY",2018-11-14 02:37:27,https://www.indeed.com/viewjob?jk=e4297323040b15d8,nan,indeed,True,2.0,nan,nan
Anchor/Reporter,Univision communications inc,United States,2018-11-14 02:37:04,https://www.indeed.com/viewjob?jk=78fa09c852035d88,nan,indeed,True,nan,nan,nan
Reporter,Dispatch-Argus,"East Moline, IL",2018-11-13 17:37:12,https://www.indeed.com/viewjob?jk=526f97df4a61d437,nan,indeed,True,nan,nan,nan
Traffic Anchor / Multiskilled Journalist,TEGNA,"Tampa, FL",2018-11-13 17:37:00,https://www.indeed.com/viewjob?jk=fefad415922a307e,nan,indeed,True,nan,nan,nan
News Producer,Univision communications inc,"Chicago, IL",2018-11-12 17:39:29,https://www.indeed.com/viewjob?jk=aa916b661dcdad93,nan,indeed,True,1.0,nan,nan
Multimedia Journalist KVVU,Meredith Corporation,"Henderson, NV",2018-11-12 17:37:08,https://www.indeed.com/viewjob?jk=d596a431b22c5ec6,nan,indeed,True,nan,nan,nan
"Cyber Journalist,Writer",WSVN 7News,"Miami, FL",2018-11-12 17:37:00,https://www.indeed.com/viewjob?jk=c0729b0a87f50071,nan,indeed,True,1.0,nan,nan
Multi Media Journalist - Spectrum News,Spectrum,"Salisbury, NC",2018-11-11 17:38:18,https://www.indeed.com/viewjob?jk=43bfbc0ec43dd37e,nan,indeed,True,nan,nan,nan
Broadcast Journalist,Air Force Reserve,United States,2018-11-11 17:37:36,https://www.indeed.com/viewjob?jk=59e2c4f6b31ba259,nan,indeed,True,nan,nan,nan
Community Journalist,Media Networks,"New York, NY",2018-11-11 17:37:00,https://www.indeed.com/viewjob?jk=9a9a303fba57d6ef,nan,indeed,True,nan,nan,nan
Editorial Director,Mass Mutual,"New York, NY 10261 (Murray Hill area)",2018-11-10 17:38:31,https://www.indeed.com/viewjob?jk=e71d70f566004b69,nan,indeed,True,1.0,nan,nan
News Director,TEGNA,"Corpus Christi, TX",2018-11-10 17:38:26,https://www.indeed.com/viewjob?jk=9cb00c3f58cbce80,nan,indeed,True,nan,nan,nan
VP - Business Operations & Insights (ABC News),Media Networks,"New York, NY",2018-11-10 17:38:00,https://www.indeed.com/viewjob?jk=595a5b8b21768f75,nan,indeed,True,5.0,nan,nan
Ad Age Data Reporter,Crain Communications,"New York, NY",2018-11-10 17:37:46,https://www.indeed.com/viewjob?jk=4fdfc2e52ab8e629,nan,indeed,True,12.0,nan,nan
"Reporter, U.S. Power Sector",S&P GLOBAL MARKET INTELLIGENCE,"Arlington, VA 22202 (Aurora Highlands area)",2018-11-10 17:37:36,https://www.indeed.com/viewjob?jk=388cb157d62f67c9,nan,indeed,True,1.0,nan,nan
Senior Investigative Reporter,The Markup,"New York, NY",2018-11-10 17:37:23,https://www.indeed.com/viewjob?jk=b4991b7ec7a07cdb,nan,indeed,True,12.0,1.0,nan
Investigative Reporter,The Markup,"New York, NY",2018-11-10 17:37:10,https://www.indeed.com/viewjob?jk=c9d0d34abce26648,nan,indeed,True,11.0,1.0,nan
Multi-Skilled Journalist,TEGNA,"Bryan, TX",2018-11-10 17:37:08,https://www.indeed.com/viewjob?jk=509ea6fadda1e330,nan,indeed,True,nan,nan,nan
Investigative Multi-Media Journalist,Nexstar Broadcasting,"Grand Rapids, MI",2018-11-10 17:37:06,https://www.indeed.com/viewjob?jk=f6ea051dd8b4fdae,nan,indeed,True,nan,nan,nan
Video Journalist,TEGNA,"San Antonio, TX",2018-11-10 17:37:06,https://www.indeed.com/viewjob?jk=779ada2a8427b266,nan,indeed,True,nan,nan,nan
Investigative Data Journalist,The Markup,"New York, NY",2018-11-10 17:37:02,https://www.indeed.com/viewjob?jk=32b638197982e277,nan,indeed,True,14.0,2.0,nan
"Data Engineer, Newsroom",Dow Jones,"New York, NY 10176 (Murray Hill area)",2018-11-09 17:39:20,https://www.indeed.com/viewjob?jk=009ee0f1f1d71151,nan,indeed,True,22.0,nan,nan
News Producer,Nexstar Broadcasting,"Albuquerque, NM",2018-11-09 17:38:49,https://www.indeed.com/viewjob?jk=3bdba951a7410a7a,nan,indeed,True,nan,nan,nan
Sports Reporter / MSJ,TEGNA,"Phoenix, AZ",2018-11-09 17:37:55,https://www.indeed.com/viewjob?jk=8227ea786f066010,nan,indeed,True,nan,nan,nan
"Video Journalist, News & Analysis",Dow Jones,"Washington, DC 20044 (Downtown area)",2018-11-09 17:37:51,https://www.indeed.com/viewjob?jk=a929b9c85c9cf4a3,nan,indeed,True,nan,nan,nan
Weekend Evening Anchor / Reporter / MSJ,TEGNA,"Phoenix, AZ",2018-11-09 17:37:29,https://www.indeed.com/viewjob?jk=db3800738b179c64,nan,indeed,True,nan,nan,nan
"Senior Video Journalist, In-Depth Explanations",Dow Jones,"Washington, DC 20044 (Downtown area)",2018-11-09 17:37:14,https://www.indeed.com/viewjob?jk=b2d98f16d2a106a8,nan,indeed,True,nan,nan,nan
Digital Multiskilled Journalist,TEGNA,"Tampa, FL",2018-11-09 17:37:10,https://www.indeed.com/viewjob?jk=e910588de8cf294f,nan,indeed,True,1.0,nan,nan
Multimedia Journalist,Univision communications inc,"Dallas, TX",2018-11-09 17:37:10,https://www.indeed.com/viewjob?jk=9fc6d50665c37e45,nan,indeed,True,nan,nan,nan
Multimedia Journalist/Reporter,Meredith Corporation,"Greenville, SC",2018-11-09 17:37:08,https://www.indeed.com/viewjob?jk=ca73b01c464ae083,nan,indeed,True,nan,nan,nan
Senior Data Journalist,Textio,"Seattle, WA 98104 (First Hill area)",2018-11-09 17:37:00,https://www.indeed.com/viewjob?jk=38e305b7cedab99a,nan,indeed,True,11.0,nan,nan
Emerging Journalist Fellow,KCTS 9,"Seattle, WA",2018-11-09 17:37:00,https://www.indeed.com/viewjob?jk=5f11f0c5fc856cf4,nan,indeed,True,2.0,nan,nan
Reporter (Part-Time),Tribune Media Company,"Salt Lake City, UT",2018-11-08 17:38:20,https://www.indeed.com/viewjob?jk=c1065e7896e18ddc,nan,indeed,True,nan,nan,nan
Editorial Staff Writer,Outdoor Sportsman Group,"Tulsa, OK",2018-11-08 17:37:36,https://www.indeed.com/viewjob?jk=ecf7a1f532325945,nan,indeed,True,nan,nan,nan
Reporter / Multimedia Journalist,Meredith Corporation,"Greenville, SC",2018-11-08 17:37:08,https://www.indeed.com/viewjob?jk=a48df2724b3dd26f,nan,indeed,True,nan,nan,nan
News Content Producer - WMAQ,NBCUniversal,"Chicago, IL",2018-11-07 17:39:52,https://www.indeed.com/viewjob?jk=1b0d2f2243acc227,nan,indeed,True,nan,nan,nan
News Reporter,Columbus Telegram,"Columbus, NE",2018-11-07 17:37:46,https://www.indeed.com/viewjob?jk=b64347ffdd255099,nan,indeed,True,nan,nan,nan
Anchor/ Multi-Skilled Journalist,TEGNA,"Grand Rapids, MI",2018-11-07 17:37:12,https://www.indeed.com/viewjob?jk=906639dd574f5726,nan,indeed,True,nan,nan,nan
Multiskilled Journalist,TEGNA,"St. Louis, MO",2018-11-07 17:37:04,https://www.indeed.com/viewjob?jk=f8fe90273588faf2,nan,indeed,True,nan,nan,nan
Editor,Colorado Public Radio,"Denver Metro, Colorado",2018-11-07 17:36:57,https://careers.journalists.org/jobs/11668329/editor,nan,careers,True,nan,nan,nan
"Digital Executive Editor, The World",Public Radio International,"Boston, Massachusetts",2018-11-07 17:36:57,https://careers.journalists.org/jobs/11664654/digital-executive-editor-the-world,nan,careers,True,nan,nan,nan
Producer - AM News,Univision communications inc,"San Antonio, TX",2018-11-06 17:39:34,https://www.indeed.com/viewjob?jk=183b9e9d46e543ce,nan,indeed,True,nan,nan,nan
CONTENT CURATOR & EDITOR (MARKETING DIVISION),Sunrise Banks,"Saint Paul, MN",2018-11-06 17:39:15,https://www.indeed.com/viewjob?jk=135e02ecd7e92ec0,nan,indeed,True,nan,nan,nan
Fellowship -- Designer/Digital News Design,The New York Times,"New York, NY",2018-11-06 17:38:52,https://www.indeed.com/viewjob?jk=f0bb795a666f4e64,nan,indeed,True,nan,nan,nan
Multimedia Journalist/News Producer,Univision communications inc,"Atlanta, GA",2018-11-06 17:38:40,https://www.indeed.com/viewjob?jk=c727d635ffb403b9,nan,indeed,True,nan,nan,nan
Part Time News Producer,WEVV,"Evansville, IN 47708",2018-11-06 17:38:33,https://www.indeed.com/viewjob?jk=95b582b0c2b9c505,nan,indeed,True,nan,nan,nan
Editorial Director,Haven Life,"New York, NY 10010 (Gramercy area)",2018-11-06 17:38:04,https://www.indeed.com/viewjob?jk=3b40f73f92b3e4d9,nan,indeed,True,1.0,nan,nan
Fellowship -- Reporter/Visual Investigations/Video,The New York Times,"New York, NY",2018-11-06 17:38:00,https://www.indeed.com/viewjob?jk=38a0116e21ce46c2,nan,indeed,True,nan,nan,nan
Fellowship -- Designer/Editorial News Design,The New York Times,"New York, NY",2018-11-06 17:37:58,https://www.indeed.com/viewjob?jk=cdd60a58e891a7e9,nan,indeed,True,nan,nan,nan
Fellowship -- Editor/Graphics,The New York Times,"New York, NY",2018-11-06 17:37:38,https://www.indeed.com/viewjob?jk=fdc30749944ab4c8,nan,indeed,True,2.0,nan,nan
Fellowship -- Reporter,The New York Times,"New York, NY",2018-11-06 17:37:31,https://www.indeed.com/viewjob?jk=380a2977fbd326c9,nan,indeed,True,nan,nan,nan
Fellowship -- Writer and Editor/Opinion,The New York Times,"New York, NY",2018-11-06 17:37:16,https://www.indeed.com/viewjob?jk=0a981b1cd0107369,nan,indeed,True,nan,nan,nan
Multi Media Journalist,Hearst Television Inc.,"Oklahoma City, OK",2018-11-06 17:37:06,https://www.indeed.com/viewjob?jk=6d83f1c314f341e0,nan,indeed,True,nan,nan,nan
Senior Writer/Editor,Cruise Automation,"San Francisco, CA",2018-11-05 17:38:38,https://www.indeed.com/viewjob?jk=05de9211196cad62,nan,indeed,True,nan,nan,nan
Top News Editor (Editor in Charge),Thomson Reuters,"New York, NY 10036",2018-11-04 17:40:06,https://www.indeed.com/viewjob?jk=ccc7cf27ce02785c,nan,indeed,True,nan,nan,nan
News Editor (Commercial Real Estate),CoStar Group,"Washington, DC 20005 (Logan Circle area)",2018-11-03 17:39:20,https://www.indeed.com/viewjob?jk=3b1333dd507c1939,nan,indeed,True,5.0,nan,nan
"Senior Content Managing Editor, Development",Florida International University,"Miami, FL",2018-11-03 17:38:57,https://www.indeed.com/viewjob?jk=1e6c2b8217b5baea,nan,indeed,True,1.0,nan,nan
News Director,KDNK Radio,"Carbondale, CO 81623",2018-11-03 17:38:09,https://www.indeed.com/viewjob?jk=091962698bcd3a90,nan,indeed,True,nan,nan,nan
Correspondent - ConfectioneryNews & BakeryAndSnacks,William Reed Business Media Ltd,"Chicago, IL 60606 (Loop area)",2018-11-03 17:37:23,https://www.indeed.com/viewjob?jk=6bc06dd0f6f4f5ba,nan,indeed,True,nan,nan,nan
Multimedia Journalist Reporter,WIVB/WNLO,"Buffalo, NY",2018-11-03 17:37:19,https://www.indeed.com/viewjob?jk=dcf801ced7f7060c,nan,indeed,True,nan,nan,nan
"Part-time Editor, Overnight",The E.W. Scripps Company,"Milwaukee, WI 53212 (Harambee area)",2018-11-02 17:38:36,https://www.indeed.com/viewjob?jk=982ddfb59dffc161,nan,indeed,True,nan,nan,nan
Editor,Kharon,"Los Angeles, CA",2018-11-02 17:37:34,https://www.indeed.com/viewjob?jk=e1a042242082752a,nan,indeed,True,2.0,nan,nan
"Job 1690, Crime Reporter - Steamboat Springs Pilot and Today",Swift Communications Inc,"Steamboat Springs, CO",2018-11-01 17:38:24,https://www.indeed.com/viewjob?jk=f0079edf69a93a8b,nan,indeed,True,nan,nan,nan
"Weekend Anchor/General Assignment Reporter, KABC-TV",Media Networks,"Glendale, CA",2018-11-01 17:38:15,https://www.indeed.com/viewjob?jk=c9c622d19ade0958,nan,indeed,True,nan,nan,nan
Reporter/MMJ,Tribune Media Company,"Denver, CO",2018-11-01 17:37:53,https://www.indeed.com/viewjob?jk=46d2d7db109eec0b,nan,indeed,True,nan,nan,nan
Newsperson - Politics,Associated Press,"Washington, DC 20005 (Logan Circle area)",2018-11-01 17:37:34,https://www.indeed.com/viewjob?jk=9a27f6ea9135e2c8,nan,indeed,True,nan,nan,nan
Part Time Copy Editor,Digital First Media,"Boston, MA",2018-11-01 17:37:16,https://www.indeed.com/viewjob?jk=b0d1fb30790f44cc,nan,indeed,True,nan,nan,nan
All Media Journalist IV,Cox Media Group,"Dayton, OH",2018-11-01 17:37:12,https://www.indeed.com/viewjob?jk=a89042cd2907926d,nan,indeed,True,nan,nan,nan
"Intern, Multimedia Journalist",AccuWeather,"State College, PA",2018-11-01 17:37:08,https://www.indeed.com/viewjob?jk=147db325ddad9d7a,nan,indeed,True,nan,nan,nan
Technology Editor,Air Force Association,"Arlington, VA 22201 (Lyon Village area)",2018-10-31 17:39:32,https://www.indeed.com/viewjob?jk=f55350ecba03b12f,nan,indeed,True,nan,nan,nan
Markets Reporter - ICIS - Houston,Reed Business Information,"Houston, TX",2018-10-31 17:38:16,https://www.indeed.com/viewjob?jk=bc42b78825463e9b,nan,indeed,True,6.0,nan,nan
Business News Reporter,Acuris,"Charlottesville, VA",2018-10-31 17:37:55,https://www.indeed.com/viewjob?jk=7ea2f1e7825511e1,nan,indeed,True,1.0,nan,nan
Morning Show Reporter / MMJ,TEGNA,"Portland, ME",2018-10-31 17:37:42,https://www.indeed.com/viewjob?jk=d5f42d4f99f91b82,nan,indeed,True,nan,nan,nan
Anchor / Multi-Skilled Journalist (MSJ / MMJ),TEGNA,"San Diego, CA",2018-10-31 17:37:10,https://www.indeed.com/viewjob?jk=7dee70c62ab3c3d6,nan,indeed,True,nan,nan,nan
Graphics Editor,Dow Jones,"New York, NY 10176 (Murray Hill area)",2018-10-30 17:38:56,https://www.indeed.com/viewjob?jk=0e3fa10a485e2eca,nan,indeed,True,1.0,nan,nan
Reporter,Hearst Television Inc.,"Pittsburgh, PA",2018-10-30 17:37:29,https://www.indeed.com/viewjob?jk=0f107419be4fb9c1,nan,indeed,True,nan,nan,nan
Consultant-Visual Journalist,IU Health Fairbanks,"Indianapolis, IN 46202",2018-10-30 17:37:10,https://www.indeed.com/viewjob?jk=92aace3e733916ca,nan,indeed,True,nan,nan,nan
Journalist,Duta,"Los Altos, CA 94022",2018-10-29 17:37:00,https://www.indeed.com/viewjob?jk=ae14a79259ef7438,nan,indeed,True,nan,nan,nan
"Sr. Content Editor, Politics",Tribune Publishing,"Orlando, FL",2018-10-28 17:38:16,https://www.indeed.com/viewjob?jk=891d345286f385ef,nan,indeed,True,nan,nan,nan
Multimedia Journalist/ Reporter,The E.W. Scripps Company,"Tulsa, OK 74105",2018-10-28 17:37:27,https://www.indeed.com/viewjob?jk=b40395564e020d1a,nan,indeed,True,nan,nan,nan
Foreign Policy Correspondent (Level 1 Journalist),Thomson Reuters,"Washington, DC 20005 (Logan Circle area)",2018-10-28 17:37:04,https://www.indeed.com/viewjob?jk=0c91891e3f09d7ea,nan,indeed,True,nan,nan,nan
"Adjunct Instructor, Spies Like Us: Operational Security and Tradecraft for Journalists",USC,"Los Angeles, CA",2018-10-27 17:39:38,https://www.indeed.com/viewjob?jk=d3c35cd2f024b644,nan,indeed,True,nan,nan,nan
Video Editor,Circa,"Culver City, CA",2018-10-27 17:39:01,https://www.indeed.com/viewjob?jk=abd7738e50c36f63,nan,indeed,True,nan,nan,nan
Reporter / MSJ,TEGNA,"San Antonio, TX",2018-10-27 17:38:38,https://www.indeed.com/viewjob?jk=4ed3ee06dc29e337,nan,indeed,True,nan,nan,nan
"Editor, Tech - CNN Business",Time Warner,"San Francisco, CA",2018-10-27 17:38:33,https://www.indeed.com/viewjob?jk=df7401ae20c18e4d,nan,indeed,True,nan,nan,nan
Editor - KTNV,The E.W. Scripps Company,"Las Vegas, NV 89102 (Rancho Charleston area)",2018-10-27 17:38:07,https://www.indeed.com/viewjob?jk=33ff487f52c4bac1,nan,indeed,True,nan,nan,nan
Reporter,Digital First Media,"Temecula, CA",2018-10-27 17:38:00,https://www.indeed.com/viewjob?jk=5bb1bf7be8e187cf,nan,indeed,True,nan,nan,nan
Editorial Assistant/Assistant Editor,HarperCollins Publishers Inc.,"New York, NY",2018-10-27 17:37:25,https://www.indeed.com/viewjob?jk=91a85e7fc236ea5a,nan,indeed,True,nan,nan,nan
"News Assistant, Prod Services Development",Time Warner,"Atlanta, GA",2018-10-27 17:37:08,https://www.indeed.com/viewjob?jk=73037bdb7e785739,nan,indeed,True,nan,nan,nan
Multi-Media Journalist,Tribune Media Company,"Memphis, TN",2018-10-27 17:37:08,https://www.indeed.com/viewjob?jk=ef36c9b23d7f4f7e,nan,indeed,True,nan,nan,nan
Multimedia Journalist - WZDC,NBCUniversal,"Washington, DC",2018-10-27 17:37:08,https://www.indeed.com/viewjob?jk=b92be88ae3f87963,nan,indeed,True,nan,nan,nan
Reporter/Producer_News,Nexstar Broadcasting,"Waco, TX",2018-10-26 17:38:54,https://www.indeed.com/viewjob?jk=a2b44d1fdb074532,nan,indeed,True,nan,nan,nan
Technical Director (Level 1 Journalist),Thomson Reuters,"New York, NY 10036",2018-10-26 17:38:38,https://www.indeed.com/viewjob?jk=523fdc52247bdfbf,nan,indeed,True,nan,nan,nan
Entertainment News Intern,Associated Press,"Los Angeles, CA 90012",2018-10-26 17:37:44,https://www.indeed.com/viewjob?jk=12ce4b4e350887aa,nan,indeed,True,nan,nan,nan
"Reporter, Multi-Media Journalist FT",Tribune Media Company,"Denver, CO",2018-10-26 17:37:21,https://www.indeed.com/viewjob?jk=3810e3560fc8297a,nan,indeed,True,nan,nan,nan
Data Journalist Intern,Associated Press,"Washington, DC",2018-10-26 17:37:12,https://www.indeed.com/viewjob?jk=38f86dae75d6cf6b,nan,indeed,True,11.0,nan,nan
Politics Editor (Editor in Charge),Thomson Reuters,"Washington, DC 20005 (Logan Circle area)",2018-10-25 17:39:56,https://www.indeed.com/viewjob?jk=9f55494a33b9b9db,nan,indeed,True,nan,nan,nan
News Reporter,Sioux City Journal,"Sioux City, IA",2018-10-25 17:38:11,https://www.indeed.com/viewjob?jk=e1cdde5fb0a4beb2,nan,indeed,True,nan,nan,nan
WKBW Multimedia Journalist,The E.W. Scripps Company,"Buffalo, NY 14202 (Central Business District area)",2018-10-25 17:37:27,https://www.indeed.com/viewjob?jk=2b74b00e75a28456,nan,indeed,True,nan,nan,nan
Multiple Media Journalist,Nexstar Broadcasting,"Minot, ND",2018-10-25 17:37:02,https://www.indeed.com/viewjob?jk=8b68159f4f588b4d,nan,indeed,True,nan,nan,nan
Sr. Staff Reporter - Federal Times,Sightline Media Group,"Washington, DC",2018-10-24 17:39:24,https://www.indeed.com/viewjob?jk=c14f466664ff0ff7,nan,indeed,True,nan,nan,nan
KPBS News Producer,SDSU Research Foundation,"San Diego, CA",2018-10-24 17:38:56,https://www.indeed.com/viewjob?jk=a02e734af687f1ba,nan,indeed,True,nan,nan,nan
Sporting News Winter/Spring Internship,PERFORM Group,"New York, NY",2018-10-24 17:38:13,https://www.indeed.com/viewjob?jk=0dcb4f3b9f1f4ecc,nan,indeed,True,nan,nan,nan
Senior Editor,The Telegraph (Macon),"Macon, GA",2018-10-24 17:38:00,https://www.indeed.com/viewjob?jk=f6ce5a72b12aa465,nan,indeed,True,1.0,nan,nan
Multimedia Journalist - WPTV,The E.W. Scripps Company,"West Palm Beach, FL 33401",2018-10-24 17:37:49,https://www.indeed.com/viewjob?jk=4b7ef58d57494df0,nan,indeed,True,nan,nan,nan
"Video Journalist, WSJ Films",Dow Jones,"New York, NY 10176 (Murray Hill area)",2018-10-24 17:37:34,https://www.indeed.com/viewjob?jk=47cc3c064f44e6da,nan,indeed,True,nan,nan,nan
Education Reporter,The North Carolina Justice Center,"Raleigh, NC 27601 (Central area)",2018-10-22 17:37:53,https://www.indeed.com/viewjob?jk=ac5190444705be6c,nan,indeed,True,nan,nan,nan
Copywriter / Copy Editor,Logitech,"Newark, CA 94560",2018-10-21 17:38:29,https://www.indeed.com/viewjob?jk=d3e019b765b378a3,nan,indeed,True,nan,nan,nan
Reporter/Multimedia Journalist-temporary opportunity,The E.W. Scripps Company,"Milwaukee, WI 53212 (Harambee area)",2018-10-20 17:38:18,https://www.indeed.com/viewjob?jk=b41268a22a639013,nan,indeed,True,nan,nan,nan
"Orange County Reporter, KABC-TV",Media Networks,"Glendale, CA",2018-10-20 17:38:07,https://www.indeed.com/viewjob?jk=59e0633c679ec009,nan,indeed,True,nan,nan,nan
"Sr. Video Journalist, News & Analysis",Dow Jones,"New York, NY 10176 (Murray Hill area)",2018-10-19 17:39:40,https://www.indeed.com/viewjob?jk=8a1f61b8248c161c,nan,indeed,True,nan,nan,nan
"Video Journalist, In-Depth Explanations",Dow Jones,"New York, NY 10176 (Murray Hill area)",2018-10-19 17:37:49,https://www.indeed.com/viewjob?jk=930fbd364263dbd1,nan,indeed,True,nan,nan,nan
Social Video Journalist,Dow Jones,"New York, NY 10176 (Murray Hill area)",2018-10-19 17:37:42,https://www.indeed.com/viewjob?jk=5fe287dc5a14baa8,nan,indeed,True,nan,nan,nan
Community Journalist (Union),Media Networks,"San Francisco, CA",2018-10-19 17:37:00,https://www.indeed.com/viewjob?jk=236b90aef655fead,nan,indeed,True,nan,nan,nan
Digital-First Crime Reporter,The E.W. Scripps Company,"Indianapolis, IN 46202",2018-10-18 17:40:06,https://www.indeed.com/viewjob?jk=9ec18c2fa0c7560e,nan,indeed,True,nan,nan,nan
2018 Atlantic Council-Korea Foundation Journalist Fellowship Program,Atlantic Council,"Washington, DC",2018-10-18 17:38:31,https://www.indeed.com/viewjob?jk=dba88d9899f82642,nan,indeed,True,nan,nan,nan
Freelance Multi-Media Journalist - Various Locations,Spectrum,"El Segundo, CA",2018-10-18 17:37:10,https://www.indeed.com/viewjob?jk=9240e247bc963e14,nan,indeed,True,nan,nan,nan
Multimedia Journalist - Temporary,TEGNA,"Atlanta, GA",2018-10-17 17:37:19,https://www.indeed.com/viewjob?jk=7f1fcb0625c2840d,nan,indeed,True,nan,nan,nan
Reporter,Tribune Media Company,"Richmond, VA",2018-10-16 17:38:50,https://www.indeed.com/viewjob?jk=6f3a3de8aef43883,nan,indeed,True,nan,nan,nan
"Senior Editor, LCD",S&P GLOBAL MARKET INTELLIGENCE,United States,2018-10-16 17:38:16,https://www.indeed.com/viewjob?jk=18c28a492931d6df,nan,indeed,True,4.0,nan,nan
Reporter/Multi-Media Journalist,Tribune Media Company,"Huntsville, AL",2018-10-16 17:37:23,https://www.indeed.com/viewjob?jk=bc7fef7e18aa5086,nan,indeed,True,nan,nan,nan
Multimedia Journalist - Online,Digital First Media,"Troy, MI",2018-10-16 17:37:10,https://www.indeed.com/viewjob?jk=6342f93472f51787,nan,indeed,True,1.0,nan,nan
Lead Public Affairs Specialist/Journalist,Alaka`ina Foundation Family of Companies,"Falls Church, VA",2018-10-15 17:38:45,https://www.indeed.com/viewjob?jk=0a8d0cb0a2255efd,nan,indeed,True,nan,nan,nan
Public Affairs Specialist/Journalist,Alaka`ina Foundation Family of Companies,"Falls Church, VA",2018-10-15 17:37:58,https://www.indeed.com/viewjob?jk=85b940a93175aee9,nan,indeed,True,nan,nan,nan
"Assistant Editor, The Nation’s Health",American Public Health Association,"Washington, D.C.",2018-10-15 17:36:57,https://careers.journalists.org/jobs/11490194/assistant-editor-the-nation-s-health,nan,careers,True,nan,nan,nan
"Reporter, Virginia (15016)",American University,"Washington, D.C.",2018-09-15 17:36:57,https://careers.journalists.org/jobs/11408834/reporter-virginia-15016,nan,careers,True,nan,nan,nan
Reporter-MMJ,Nexstar Broadcasting,"Savannah, GA",# an unknown date more than 30 days ago,https://www.indeed.com/viewjob?jk=65563ea465196c41,nan,indeed,True,nan,nan,nan
State Political Reporter,Nexstar Broadcasting,"Topeka, KS",# an unknown date more than 30 days ago,https://www.indeed.com/viewjob?jk=0a50140d3ba5664c,nan,indeed,True,nan,nan,nan
Multi Media Journalist,TEGNA,"Minneapolis, MN",# an unknown date more than 30 days ago,https://www.indeed.com/viewjob?jk=d67ff41e42594eef,nan,indeed,True,nan,nan,nan
Multi-Media Journalist - Orange County,Spectrum,"Santa Ana, CA",# an unknown date more than 30 days ago,https://www.indeed.com/viewjob?jk=7d7c936dddd7a758,nan,indeed,True,nan,nan,nan
Senior Video Editor,The New York Times,"New York, NY",# an unknown date more than 30 days ago,https://www.indeed.com/viewjob?jk=dbf92af605dab4c0,nan,indeed,True,nan,nan,nan
Multimedia Journalist,Sightline Media Group,"Washington, DC",# an unknown date more than 30 days ago,https://www.indeed.com/viewjob?jk=bebd1cdb1b1444bc,nan,indeed,True,nan,nan,nan
"Editor, Banking News",S&P Global,"Arlington, VA",# an unknown date more than 30 days ago,https://www.indeed.com/viewjob?jk=4d602daf75951437,nan,indeed,True,3.0,nan,nan
Senior Data Reporter,Southern Poverty Law Center,"Atlanta, GA 30317 (Edgewood-Kirkwood area)",# an unknown date more than 30 days ago,https://www.indeed.com/viewjob?jk=386fdcab382a0483,nan,indeed,True,14.0,nan,nan
Journalist/Photographer,Ukpeagvik Iñupiat Corporation/Bowhead Family of Co...,"Patuxent River, MD",# an unknown date more than 30 days ago,https://www.indeed.com/viewjob?jk=5da368680d751bad,nan,indeed,True,nan,nan,nan
Multi-Media Reporter - Telemundo Charlotte,Cox Media Group,"Charlotte, NC 28202 (Downtown Charlotte area)",# an unknown date more than 30 days ago,https://www.indeed.com/viewjob?jk=c451a74a8df1b795,nan,indeed,True,nan,nan,nan
Executive Editor,AccuWeather,"State College, PA",# an unknown date more than 30 days ago,https://www.indeed.com/viewjob?jk=dc643a838797ff91,nan,indeed,True,3.0,nan,nan
Contract Senior Content Editor,System1,"Bellevue, WA",# an unknown date more than 30 days ago,https://www.indeed.com/viewjob?jk=595d1779f93217cb,nan,indeed,True,1.0,nan,nan
Assistant News Director,TEGNA,"St. Louis, MO",# an unknown date more than 30 days ago,https://www.indeed.com/viewjob?jk=2a79a084070cb61f,nan,indeed,True,nan,nan,nan
KTNV Assistant News Director,The E.W. Scripps Company,"Las Vegas, NV 89102 (Rancho Charleston area)",# an unknown date more than 30 days ago,https://www.indeed.com/viewjob?jk=961627408541a688,nan,indeed,True,nan,nan,nan
Weekend Digital Editor,Circa,"Arlington, VA",# an unknown date more than 30 days ago,https://www.indeed.com/viewjob?jk=de183d19725e1f3b,nan,indeed,True,7.0,nan,nan
"Market Reporter, Metals",Argus Media,"Houston, TX 77056 (Galleria-Uptown area)",# an unknown date more than 30 days ago,https://www.indeed.com/viewjob?jk=e424d2c0a435593f,nan,indeed,True,4.0,nan,nan
Audio Broadcast Journalist,Public News Service,"Boulder, CO 80301",# an unknown date more than 30 days ago,https://www.indeed.com/viewjob?jk=1287d287efb9b2d3,nan,indeed,True,nan,nan,nan
"Editor, Banking News",S&P GLOBAL MARKET INTELLIGENCE,"Arlington, VA",# an unknown date more than 30 days ago,https://www.indeed.com/viewjob?jk=efaeafe7c3da88a7,nan,indeed,True,3.0,nan,nan
News Director,Nexstar Broadcasting,"Farmersburg, IN",# an unknown date more than 30 days ago,https://www.indeed.com/viewjob?jk=05bc4d23989b4262,nan,indeed,True,nan,nan,nan
Weekend News Anchor,Nexstar Broadcasting,"Topeka, KS",# an unknown date more than 30 days ago,https://www.indeed.com/viewjob?jk=c9f85fb0b691729e,nan,indeed,True,nan,nan,nan
Reporter II CMGO,Cox Media Group,"Dayton, OH",# an unknown date more than 30 days ago,https://www.indeed.com/viewjob?jk=1ed4eb582bc991bd,nan,indeed,True,nan,nan,nan
Associate Front Matter Editor,The National Academies,"Washington, DC",# an unknown date more than 30 days ago,https://www.indeed.com/viewjob?jk=abf4c46aab0eadf8,nan,indeed,True,nan,nan,nan
Associate Producer - Newsgathering,Al Jazeera Media Network,"Washington, DC",# an unknown date more than 30 days ago,https://www.indeed.com/viewjob?jk=29bed449a364b9c0,nan,indeed,True,nan,nan,nan
"MULTI-MEDIA JOURNALIST, KFSN-TV",Media Networks,"Fresno, CA",# an unknown date more than 30 days ago,https://www.indeed.com/viewjob?jk=7b526c8f3a5a3dbf,nan,indeed,True,nan,nan,nan
Fact-checking News Intern,TEGNA,"Charlotte, NC",# an unknown date more than 30 days ago,https://www.indeed.com/viewjob?jk=d076f1a1c18ad419,nan,indeed,True,nan,nan,nan
"Editor, PT",Tribune Media Company,"Salt Lake City, UT",# an unknown date more than 30 days ago,https://www.indeed.com/viewjob?jk=4b028a36743f01c8,nan,indeed,True,nan,nan,nan
News Producer,Nexstar Broadcasting,"Altoona, PA",# an unknown date more than 30 days ago,https://www.indeed.com/viewjob?jk=c457354d731f3edb,nan,indeed,True,nan,nan,nan
Head of News Development,Altice USA,"Long Island City, NY",# an unknown date more than 30 days ago,https://www.indeed.com/viewjob?jk=4f3b8452104b822b,nan,indeed,True,2.0,nan,nan
"Reporter/Multimedia Journalist (El Dorado, AR)",Nexstar Broadcasting,"West Monroe, LA",# an unknown date more than 30 days ago,https://www.indeed.com/viewjob?jk=2d8bca30d1cbe22a,nan,indeed,True,nan,nan,nan
"Editorial Fellow, Sierra Magazine (Jan-June 2019)",Sierra Club,"Oakland, CA",# an unknown date more than 30 days ago,https://www.indeed.com/viewjob?jk=e64bf3b178378d13,nan,indeed,True,nan,nan,nan
Multimedia Journalist - Food / Beverage,Circa,"Culver City, CA",# an unknown date more than 30 days ago,https://www.indeed.com/viewjob?jk=8586e851e1961ba7,nan,indeed,True,nan,nan,nan
"Community Journalist, KABC-TV",Media Networks,"Glendale, CA",# an unknown date more than 30 days ago,https://www.indeed.com/viewjob?jk=123a9c7f165face8,nan,indeed,True,nan,nan,nan
Managing Editor,The Charlotte Observer,"Charlotte, NC 28202 (Downtown Charlotte area)",# an unknown date more than 30 days ago,https://www.indeed.com/viewjob?jk=fb85c4593718f073,nan,indeed,True,1.0,nan,nan
Video Journalist/Anchor (Freelance),NetCom Learning,"New York, NY 10016 (Gramercy area)",# an unknown date more than 30 days ago,https://www.indeed.com/viewjob?jk=c3964213de8c7986,nan,indeed,True,nan,nan,nan
Weekend Morning/Anchor Reporter,Tribune Media Company,"Fort Smith, AR",# an unknown date more than 30 days ago,https://www.indeed.com/viewjob?jk=2cc71371ba78a72a,nan,indeed,True,nan,nan,nan
Reporter - Architecture,CoStar Group,"Washington, DC 20005 (Logan Circle area)",# an unknown date more than 30 days ago,https://www.indeed.com/viewjob?jk=83fd1b5fe58fe128,nan,indeed,True,2.0,nan,nan
Multi Media Journalist,General Communication Inc.,"Anchorage, AK",# an unknown date more than 30 days ago,https://www.indeed.com/viewjob?jk=d4a7c9cfba183ae4,nan,indeed,True,nan,nan,nan
"Senior Producer/Journalist, Kojo Nnamdi Show (14756)",American University,"Washington, DC 20008 (Cleveland Park area)",# an unknown date more than 30 days ago,https://www.indeed.com/viewjob?jk=a080b66c767be7ea,nan,indeed,True,nan,nan,nan
Commodity Markets Reporter,Argus Media,"New York, NY",# an unknown date more than 30 days ago,https://www.indeed.com/viewjob?jk=51054c456decb68c,nan,indeed,True,1.0,nan,nan
Editorial Lead,Wealthfront,"Redwood City, CA",# an unknown date more than 30 days ago,https://www.indeed.com/viewjob?jk=3b6cbde29449ac30,nan,indeed,True,2.0,nan,nan
Financial Enterprise Editor,Dow Jones,"New York, NY 10176 (Murray Hill area)",# an unknown date more than 30 days ago,https://www.indeed.com/viewjob?jk=2545ee0703b977fd,nan,indeed,True,nan,nan,nan
"Reporter, WSJ Pro Artificial Intelligence",Dow Jones,"New York, NY 10176 (Murray Hill area)",# an unknown date more than 30 days ago,https://www.indeed.com/viewjob?jk=fc61b9fa1e0f2a63,nan,indeed,True,1.0,nan,nan
Video Journalist,Nexstar Broadcasting,"San Francisco, CA",# an unknown date more than 30 days ago,https://www.indeed.com/viewjob?jk=f82060de9a0df1fd,nan,indeed,True,nan,nan,nan
"Deputy Editor, WSJ Pro Artificial Intelligence",Dow Jones,"New York, NY 10176 (Murray Hill area)",# an unknown date more than 30 days ago,https://www.indeed.com/viewjob?jk=bb0ca718bd7944a0,nan,indeed,True,1.0,nan,nan
Journalist,Los Angeles Hoopz,"Los Angeles, CA",# an unknown date more than 30 days ago,https://www.indeed.com/viewjob?jk=e81211b6e3ae7306,nan,indeed,True,nan,nan,nan
Discovery Desk Editor,TEGNA,"Sacramento, CA",# an unknown date more than 30 days ago,https://www.indeed.com/viewjob?jk=19844a5d935bdca2,nan,indeed,True,nan,nan,nan
"Editor in Charge, Alhurra Digital",Middle East Broadcasting Networks Inc.,"Springfield, VA",# an unknown date more than 30 days ago,https://www.indeed.com/viewjob?jk=ccac24367517026f,nan,indeed,True,nan,nan,nan
Digital Video Editor,NBCUniversal,"Los Angeles, CA",# an unknown date more than 30 days ago,https://www.indeed.com/viewjob?jk=e452d7a79936b617,nan,indeed,True,nan,nan,nan
"General Assignment Reporter, Currents News","DeSales Media Group, Inc.","Brooklyn, NY",# an unknown date more than 30 days ago,https://www.indeed.com/viewjob?jk=b4dc79a894f1e795,nan,indeed,True,nan,nan,nan
Senior Producer - Newsgathering,Al Jazeera Media Network,"Washington, DC",# an unknown date more than 30 days ago,https://www.indeed.com/viewjob?jk=8f95fafb482aae80,nan,indeed,True,nan,nan,nan
Digital Media Producer WCBS Newsradio 880,Entercom Communications Corp.,"New York, NY",# an unknown date more than 30 days ago,https://www.indeed.com/viewjob?jk=ebcff8a12a008637,nan,indeed,True,nan,nan,nan
Digital Content Producer/Sports Editor,Nexstar Broadcasting,"Austin, TX",# an unknown date more than 30 days ago,https://www.indeed.com/viewjob?jk=44a3951270cf8297,nan,indeed,True,nan,nan,nan
"Senior Digital Editor, Gothamist",New York Public Radio,"New York, NY 10036",# an unknown date more than 30 days ago,https://www.indeed.com/viewjob?jk=e998ceb423ea070b,nan,indeed,True,nan,nan,nan
KRBC Evening News Producer,Nexstar Broadcasting,"Abilene, TX",# an unknown date more than 30 days ago,https://www.indeed.com/viewjob?jk=0a62c16c6638e0e4,nan,indeed,True,nan,nan,nan
Data Journalist,Mother Jones,"San Francisco, CA 94108 (Financial District area)",# an unknown date more than 30 days ago,https://www.indeed.com/viewjob?jk=f3ccbf922bd7d17e,nan,indeed,True,8.0,nan,nan
"PRODUCER/REPORTER II, Health & Science, WBUR Program & Production",Boston University,"Boston, MA",# an unknown date more than 30 days ago,https://www.indeed.com/viewjob?jk=39082011fe44b9de,nan,indeed,True,nan,nan,nan
"Deputy Editor, Pro Private Equity",Dow Jones,"New York, NY 10176 (Murray Hill area)",# an unknown date more than 30 days ago,https://www.indeed.com/viewjob?jk=96d88534f7e20b50,nan,indeed,True,nan,nan,nan
Multi Media Journalist,Nexstar Broadcasting,"Henderson, KY",# an unknown date more than 30 days ago,https://www.indeed.com/viewjob?jk=922dae7b2277ac40,nan,indeed,True,nan,nan,nan
Multi-Platform News Producer,TEGNA,"Columbia, SC",# an unknown date more than 30 days ago,https://www.indeed.com/viewjob?jk=b92bd720beab304f,nan,indeed,True,nan,nan,nan
Video Journalist,Information equity holdings,"New York, NY",# an unknown date more than 30 days ago,https://www.indeed.com/viewjob?jk=730060abf6817798,nan,indeed,True,nan,nan,nan
"Engagement Editor, Digital News",NPR,"Washington, DC",# an unknown date more than 30 days ago,https://www.indeed.com/viewjob?jk=b6b8e8ac12ae6c59,nan,indeed,True,nan,nan,nan
News Director,Tribune Media Company,"Indianapolis, IN",# an unknown date more than 30 days ago,https://www.indeed.com/viewjob?jk=cc28516407aaa5d1,nan,indeed,True,nan,nan,nan
"Product Director (Editorial Emails, Newsletters & Messaging)",The New York Times,"New York, NY",# an unknown date more than 30 days ago,https://www.indeed.com/viewjob?jk=5de6c4b948c95e70,nan,indeed,True,2.0,nan,nan
"Business Journalist Washington, DC",Industry Dive,"Washington, DC 20005 (Logan Circle area)",# an unknown date more than 30 days ago,https://www.indeed.com/viewjob?jk=90d96ddc890b6e4e,nan,indeed,True,nan,nan,nan
"Reporter, MultiMedia Journalist",Nexstar Broadcasting,"Altoona, PA",# an unknown date more than 30 days ago,https://www.indeed.com/viewjob?jk=cc2a3a32df876cc1,nan,indeed,True,nan,nan,nan
Digital Senior Editor,WETA,"Washington, DC 20006 (Foggy Bottom area)",# an unknown date more than 30 days ago,https://www.indeed.com/viewjob?jk=c66de1bcbbafc89a,nan,indeed,True,1.0,nan,nan
Brand Journalist - LHI,UnitedHealth Group,"La Crosse, WI 54602",# an unknown date more than 30 days ago,https://www.indeed.com/viewjob?jk=5d8abc59970031f9,nan,indeed,True,nan,nan,nan
Investigative Reporter,TEGNA,"Austin, TX",# an unknown date more than 30 days ago,https://www.indeed.com/viewjob?jk=8b44a24dba841473,nan,indeed,True,2.0,nan,nan
Enterprise Editor,Times-News,"Twin Falls, ID 83301",# an unknown date more than 30 days ago,https://www.indeed.com/viewjob?jk=94b8bdcae1eeaf7c,nan,indeed,True,nan,nan,nan
"Product Manager, Newsletters",Digital First Media,"San Jose, CA",# an unknown date more than 30 days ago,https://www.indeed.com/viewjob?jk=b9bbbbf005e80e2c,nan,indeed,True,1.0,nan,nan
Weekend Anchor/Producer/Reporter,Nexstar Broadcasting,"Mount Pleasant, SC",# an unknown date more than 30 days ago,https://www.indeed.com/viewjob?jk=63ce3efb9f9babab,nan,indeed,True,nan,nan,nan
Journalist,Tribune Publishing,"Orlando, FL",# an unknown date more than 30 days ago,https://www.indeed.com/viewjob?jk=ef5b722fc7f84478,nan,indeed,True,nan,nan,nan
Journalist,AccuWeather,"State College, PA",# an unknown date more than 30 days ago,https://www.indeed.com/viewjob?jk=5bb295016bd2b99b,nan,indeed,True,2.0,nan,nan
Digital Video and Broadcast Editor,NBCUniversal,"Hartford, CT",# an unknown date more than 30 days ago,https://www.indeed.com/viewjob?jk=baf95bb4f1d08c79,nan,indeed,True,nan,nan,nan
WFTX Managing Editor,The E.W. Scripps Company,"Fort Myers, FL",# an unknown date more than 30 days ago,https://www.indeed.com/viewjob?jk=e1a5f5114d394f8d,nan,indeed,True,nan,nan,nan
"Social Media Editor, Digital News",NPR,"Washington, DC",# an unknown date more than 30 days ago,https://www.indeed.com/viewjob?jk=c89f847ef4b3b006,nan,indeed,True,nan,nan,nan
Photo Journalist,Nexstar Broadcasting,"East Providence, RI",# an unknown date more than 30 days ago,https://www.indeed.com/viewjob?jk=a3e77d4df80dd63d,nan,indeed,True,nan,nan,nan
Newsroom App Developer,Dow Jones,"New York, NY 10176 (Murray Hill area)",# an unknown date more than 30 days ago,https://www.indeed.com/viewjob?jk=d7c6482502ebe237,nan,indeed,True,nan,nan,nan
Producer/Reporter,University of Arizona,"Tucson, AZ",# an unknown date more than 30 days ago,https://www.indeed.com/viewjob?jk=066e2564affad419,nan,indeed,True,nan,nan,nan
Investigative Reporter,Nexstar Broadcasting,"Austin, TX",# an unknown date more than 30 days ago,https://www.indeed.com/viewjob?jk=7e09f69903f497e4,nan,indeed,True,1.0,nan,nan
Multimedia Journalist - Telemundo Boston,NBCUniversal,"Newton, MA",# an unknown date more than 30 days ago,https://www.indeed.com/viewjob?jk=436a06f1d7b7795a,nan,indeed,True,nan,nan,nan
Staff Editor,The New York Times,"New York, NY",# an unknown date more than 30 days ago,https://www.indeed.com/viewjob?jk=1e0b524902377932,nan,indeed,True,2.0,nan,nan
Multimedia Journalist-WTVF,The E.W. Scripps Company,"Nashville, TN 37219",# an unknown date more than 30 days ago,https://www.indeed.com/viewjob?jk=c2b25ad38d3d2806,nan,indeed,True,nan,nan,nan
"Job 1670, Sports Editor - Glenwood Springs Post Independent",Swift Communications Inc,"Glenwood Springs, CO",# an unknown date more than 30 days ago,https://www.indeed.com/viewjob?jk=42c61a56eaf02d07,nan,indeed,True,nan,nan,nan
Asia Entertainment Editor,Associated Press,Oregon,# an unknown date more than 30 days ago,https://www.indeed.com/viewjob?jk=2fd4d696447ebaf4,nan,indeed,True,nan,nan,nan
Broadcast + Digital Journalist,Fusion 360,"Salt Lake City, UT",# an unknown date more than 30 days ago,https://www.indeed.com/viewjob?jk=0862f84d8b5349e8,nan,indeed,True,nan,nan,nan
"Managing Editor, Signal Newsletter",Eurasia Group,Remote,# an unknown date more than 30 days ago,https://www.indeed.com/viewjob?jk=e50dbd75f7c02652,nan,indeed,True,nan,nan,nan
Regional Editor,CoStar Group,"Dallas, TX 75201 (City Center District area)",# an unknown date more than 30 days ago,https://www.indeed.com/viewjob?jk=455c75e587a1723d,nan,indeed,True,2.0,nan,nan
KARD Multi Media Journalist/Meteorologist,Nexstar Broadcasting,"West Monroe, LA",# an unknown date more than 30 days ago,https://www.indeed.com/viewjob?jk=44f81249304655f2,nan,indeed,True,nan,nan,nan
Weekend Morning Anchor / Multi-Skilled Journalist,TEGNA,"Sacramento, CA",# an unknown date more than 30 days ago,https://www.indeed.com/viewjob?jk=833240c22806e1ce,nan,indeed,True,nan,nan,nan
Multi-Skilled Journalist (MSJ) / Reporter,TEGNA,"San Diego, CA",# an unknown date more than 30 days ago,https://www.indeed.com/viewjob?jk=efe10011ed1608cf,nan,indeed,True,nan,nan,nan
Multi-Skilled Journalist / Weekend Anchor,TEGNA,"Beaumont, TX",# an unknown date more than 30 days ago,https://www.indeed.com/viewjob?jk=a1ef5b52f6c36a0e,nan,indeed,True,nan,nan,nan
"Newsroom Coordinator, Talent",Dow Jones,"New York, NY 10176 (Murray Hill area)",# an unknown date more than 30 days ago,https://www.indeed.com/viewjob?jk=f84c5d250126e3d7,nan,indeed,True,nan,nan,nan
Weekend Producer / Multi Skilled Journalist,TEGNA,"Little Rock, AR",# an unknown date more than 30 days ago,https://www.indeed.com/viewjob?jk=a9a621cf1c3f71ab,nan,indeed,True,nan,nan,nan
Multi-Skilled Journalist (MMJ),TEGNA,"Buffalo, NY",# an unknown date more than 30 days ago,https://www.indeed.com/viewjob?jk=bf425bf15b1e4460,nan,indeed,True,nan,nan,nan
"Editorial Director, NYTLive",The New York Times,"New York, NY",# an unknown date more than 30 days ago,https://www.indeed.com/viewjob?jk=576519e5454dbef4,nan,indeed,True,nan,nan,nan
"Senior Journalist, Opinions",Tribune Publishing,"Deerfield Beach, FL",# an unknown date more than 30 days ago,https://www.indeed.com/viewjob?jk=e5f877a45419334e,nan,indeed,True,nan,nan,nan
"Reporter, News",Nexstar Broadcasting,"Spartanburg, SC",# an unknown date more than 30 days ago,https://www.indeed.com/viewjob?jk=808446cde2dd4a5c,nan,indeed,True,nan,nan,nan
Wall Street Banks Correspondent (Level 1 Journalist),Thomson Reuters,"New York, NY 10036",# an unknown date more than 30 days ago,https://www.indeed.com/viewjob?jk=2a5ab8f5e8ba65d2,nan,indeed,True,nan,nan,nan
"Editorial Assistant, Part Time",News & Observer Publishing Co.,"Raleigh, NC",# an unknown date more than 30 days ago,https://www.indeed.com/viewjob?jk=f197bb9051732e10,nan,indeed,True,nan,nan,nan
Multi-Skilled Journalist / News Anchor,TEGNA,"Denver, CO",# an unknown date more than 30 days ago,https://www.indeed.com/viewjob?jk=38bfb648d6006400,nan,indeed,True,nan,nan,nan
KERO - Multimedia Journalist,The E.W. Scripps Company,"Bakersfield, CA 93301",# an unknown date more than 30 days ago,https://www.indeed.com/viewjob?jk=a2ad08161d53312c,nan,indeed,True,nan,nan,nan
Multi Media Journalist/Morning Enterprise Reporter,Nexstar Broadcasting,"Tampa, FL",# an unknown date more than 30 days ago,https://www.indeed.com/viewjob?jk=257ca9feed6d4ac3,nan,indeed,True,nan,nan,nan
Weekend Meteorologist/Multimedia Journalist,Nexstar Broadcasting,"Roanoke, VA 24019",# an unknown date more than 30 days ago,https://www.indeed.com/viewjob?jk=ffb7b1a48edfff3d,nan,indeed,True,nan,nan,nan
Content Editor,Fort Worth Star-Telegram,"Fort Worth, TX",# an unknown date more than 30 days ago,https://www.indeed.com/viewjob?jk=cbde06111d30f335,nan,indeed,True,1.0,nan,nan
"Reporter, News Anchor",Nexstar Broadcasting,"Buffalo, NY",# an unknown date more than 30 days ago,https://www.indeed.com/viewjob?jk=4386acd7c71f682d,nan,indeed,True,nan,nan,nan
Multi-Skilled Journalist (Reporter),TEGNA,"Boise, ID",# an unknown date more than 30 days ago,https://www.indeed.com/viewjob?jk=13dfa505032455ea,nan,indeed,True,nan,nan,nan
Reporter/Multimedia Journalist,The E.W. Scripps Company,"Phoenix, AZ 85008 (Camelback East area)",# an unknown date more than 30 days ago,https://www.indeed.com/viewjob?jk=1ac7c001a02845c5,nan,indeed,True,nan,nan,nan
Reporter,Nexstar Broadcasting,"Columbus, OH",# an unknown date more than 30 days ago,https://www.indeed.com/viewjob?jk=bb856971086672d2,nan,indeed,True,nan,nan,nan
Media Reporter,The New York Times,"New York, NY",# an unknown date more than 30 days ago,https://www.indeed.com/viewjob?jk=646658b8f9148f5b,nan,indeed,True,nan,nan,nan
Senior Video Journalist,The New York Times,"New York, NY",# an unknown date more than 30 days ago,https://www.indeed.com/viewjob?jk=ac7798b1974c7b28,nan,indeed,True,nan,nan,nan
Internship- Features Reporter,Digital First Media,"Denver, CO",# an unknown date more than 30 days ago,https://www.indeed.com/viewjob?jk=c59513438ff56a4d,nan,indeed,True,nan,nan,nan
Multi-Media Journalist,Meredith Corporation,"Mobile, AL",# an unknown date more than 30 days ago,https://www.indeed.com/viewjob?jk=abc7b7bab3dbcf12,nan,indeed,True,nan,nan,nan
Weekend Anchor/ Multi-Skilled Journalist,TEGNA,"Grand Rapids, MI",# an unknown date more than 30 days ago,https://www.indeed.com/viewjob?jk=556ccdbc2198a95c,nan,indeed,True,nan,nan,nan
Senior Video Journalist (Cinematography),The New York Times,"New York, NY",# an unknown date more than 30 days ago,https://www.indeed.com/viewjob?jk=87efc021809bd119,nan,indeed,True,nan,nan,nan
Multimedia Journalist - KMTV,The E.W. Scripps Company,"Omaha, NE 68127",# an unknown date more than 30 days ago,https://www.indeed.com/viewjob?jk=aab61f7a6065c46a,nan,indeed,True,nan,nan,nan
Investigative Multimedia Journalist,The E.W. Scripps Company,"Tucson, AZ 85710",# an unknown date more than 30 days ago,https://www.indeed.com/viewjob?jk=2f103b584387a4e9,nan,indeed,True,nan,nan,nan
"Finance Reporter, FORTUNE",Meredith Corporation,"New York, NY 10017 (Midtown area)",# an unknown date more than 30 days ago,https://www.indeed.com/viewjob?jk=05a3e6e24d4da624,nan,indeed,True,nan,nan,nan
Photojournalist,TEGNA,"Boise, ID",# an unknown date more than 30 days ago,https://www.indeed.com/viewjob?jk=7cc1011264f8a287,nan,indeed,True,nan,nan,nan
MLex Copy Editor,LexisNexis,"Washington, DC 20006 (Foggy Bottom area)",# an unknown date more than 30 days ago,https://www.indeed.com/viewjob?jk=9f3991b661c6e7b2,nan,indeed,True,nan,nan,nan
Reporter,Globe Gazette,"Mason City, IA 50401",# an unknown date more than 30 days ago,https://www.indeed.com/viewjob?jk=4e608ac04b8bcd5d,nan,indeed,True,nan,nan,nan
"News Reporter, MultiMedia Journalist",Nexstar Broadcasting,"Salt Lake City, UT",# an unknown date more than 30 days ago,https://www.indeed.com/viewjob?jk=c74c8dbcb43f9029,nan,indeed,True,nan,nan,nan
Multimedia Journalist,Meredith Corporation,"Atlanta, GA",# an unknown date more than 30 days ago,https://www.indeed.com/viewjob?jk=87635bf6eabc4063,nan,indeed,True,nan,nan,nan
"Sr. Video Journalist, NYT Cooking",The New York Times,"New York, NY",# an unknown date more than 30 days ago,https://www.indeed.com/viewjob?jk=aabc6a981d7c9489,nan,indeed,True,1.0,nan,nan
Tourism Business Reporter,The Miami Herald,"Doral, FL",# an unknown date more than 30 days ago,https://www.indeed.com/viewjob?jk=f7cab3e6f59da10f,nan,indeed,True,2.0,nan,nan
"US Partnerships Manager, Google News Lab",Google,"New York, NY 10011 (Chelsea area)",# an unknown date more than 30 days ago,https://www.indeed.com/viewjob?jk=d2c3d0cf63324774,nan,indeed,True,2.0,nan,nan
Senior Publishing Editor,Dow Jones,"New York, NY 10176 (Murray Hill area)",# an unknown date more than 30 days ago,https://www.indeed.com/viewjob?jk=4d044b1e6c0d3fcf,nan,indeed,True,1.0,nan,nan
"Reporter, U.S. Power Sector",S&P Global,United States,# an unknown date more than 30 days ago,https://www.indeed.com/viewjob?jk=e2c1f105dc5c30f1,nan,indeed,True,nan,nan,nan
Host / Multi-Skilled Journalist,TEGNA,"Sacramento, CA",# an unknown date more than 30 days ago,https://www.indeed.com/viewjob?jk=bcc16e4216084f04,nan,indeed,True,nan,nan,nan
Junior Sub-Editor,Euromoney Institutional Investor,"New York, NY",# an unknown date more than 30 days ago,https://www.indeed.com/viewjob?jk=b29399c59aef206f,nan,indeed,True,nan,nan,nan
Multi-Media Video Journalist,Media Networks,"Durham, NC",# an unknown date more than 30 days ago,https://www.indeed.com/viewjob?jk=87da227cf0a008eb,nan,indeed,True,nan,nan,nan
Video Journalist (Shooter/Editor/Graphics) - Freelance contract,Dow Jones,"New York, NY 10176 (Murray Hill area)",# an unknown date more than 30 days ago,https://www.indeed.com/viewjob?jk=ed416f2cf8f43ce3,nan,indeed,True,nan,nan,nan
Editorial Writer,The New York Times,"New York, NY",# an unknown date more than 30 days ago,https://www.indeed.com/viewjob?jk=fa9d2351fade1c30,nan,indeed,True,nan,nan,nan
Vacation Relief Photojournalist / MMJ,TEGNA,"Washington, DC",# an unknown date more than 30 days ago,https://www.indeed.com/viewjob?jk=abf77c468e0c0353,nan,indeed,True,nan,nan,nan
Multi-Media Journalist/Reporter,Tribune Media Company,"Houston, TX",# an unknown date more than 30 days ago,https://www.indeed.com/viewjob?jk=5193b1f9302765e2,nan,indeed,True,nan,nan,nan
MMJ - Reporter - WLBZ,TEGNA,"Bangor, ME",# an unknown date more than 30 days ago,https://www.indeed.com/viewjob?jk=883bb863fadbebd8,nan,indeed,True,nan,nan,nan
"General Assignment Reporter, KABC-TV",Media Networks,"Glendale, CA",# an unknown date more than 30 days ago,https://www.indeed.com/viewjob?jk=3ebd96e85333053f,nan,indeed,True,nan,nan,nan
"Multimedia Journalists - Rotorua, Tauranga",NZME.,"Sport, LA",# an unknown date more than 30 days ago,https://www.indeed.com/viewjob?jk=7718b702d0c4f7f5,nan,indeed,True,nan,nan,nan
Enterprise Reporter,Fort Worth Star-Telegram,"Fort Worth, TX",# an unknown date more than 30 days ago,https://www.indeed.com/viewjob?jk=1259f7c0e2fedb3f,nan,indeed,True,1.0,nan,nan
Reporter - Office Interior Design,CoStar Group,"Washington, DC 20005 (Logan Circle area)",# an unknown date more than 30 days ago,https://www.indeed.com/viewjob?jk=4d4640a9cf838e3d,nan,indeed,True,2.0,nan,nan
SPORTS REPORTER/MULTIMEDIA JOURNALIST,Nexstar Broadcasting,"New Haven, CT",# an unknown date more than 30 days ago,https://www.indeed.com/viewjob?jk=94436399155a2af3,nan,indeed,True,nan,nan,nan
Community Editor - Waihi & Whangamata,NZME.,"Sport, LA",# an unknown date more than 30 days ago,https://www.indeed.com/viewjob?jk=849114eadac06f9b,nan,indeed,True,nan,nan,nan
Digital MultiMedia Journalist Reporter,Nexstar Broadcasting,"Lafayette, LA",# an unknown date more than 30 days ago,https://www.indeed.com/viewjob?jk=7a0ed9f64a2c708d,nan,indeed,True,nan,nan,nan
WFMT.com Digital Editor (Freelance),"Window To The World Communications, Inc.","Chicago, IL",# an unknown date more than 30 days ago,https://www.indeed.com/viewjob?jk=c783b8648d602221,nan,indeed,True,nan,nan,nan
Multimedia Journalist - Technology,Circa,"New York, NY 10017 (Midtown area)",# an unknown date more than 30 days ago,https://www.indeed.com/viewjob?jk=9f1dcec0fb11229a,nan,indeed,True,nan,nan,nan
Senior Video Journalist - Open Source Reporting,The New York Times,"New York, NY",# an unknown date more than 30 days ago,https://www.indeed.com/viewjob?jk=20fce6dff4f15bc4,nan,indeed,True,nan,nan,nan
Sports Multimedia Journalist,Nexstar Broadcasting,"Austin, TX",# an unknown date more than 30 days ago,https://www.indeed.com/viewjob?jk=e7ce58bffda6fee0,nan,indeed,True,nan,nan,nan
"Designer, News and Features","Star Tribune Media Company, LLC.","Minneapolis, MN",# an unknown date more than 30 days ago,https://www.indeed.com/viewjob?jk=c36b654cba535453,nan,indeed,True,nan,nan,nan
Producer - Newsgathering,Al Jazeera Media Network,"Washington, DC",# an unknown date more than 30 days ago,https://www.indeed.com/viewjob?jk=e58d145ed75ca53e,nan,indeed,True,nan,nan,nan
Anchor/Video Journalist,NBCUniversal,"McAllen, TX",# an unknown date more than 30 days ago,https://www.indeed.com/viewjob?jk=6fc5d974dc56ea5d,nan,indeed,True,nan,nan,nan
Investigative Multi-Skilled Journalist,TEGNA,"Tampa, FL",# an unknown date more than 30 days ago,https://www.indeed.com/viewjob?jk=781c151c526d7b5c,nan,indeed,True,2.0,nan,nan
Reporter,Cox Media Group,"Tulsa, OK",# an unknown date more than 30 days ago,https://www.indeed.com/viewjob?jk=b271e4fc1ee7a4d3,nan,indeed,True,nan,nan,nan
Web Editor,Nexstar Broadcasting,"Topeka, KS",# an unknown date more than 30 days ago,https://www.indeed.com/viewjob?jk=628c08841b111ddf,nan,indeed,True,nan,nan,nan
WFMT.com Digital Editor (Freelance),WTTW Chicago,"Chicago, IL",# an unknown date more than 30 days ago,https://www.indeed.com/viewjob?jk=6cbf10f5150e575a,nan,indeed,True,nan,nan,nan
KARD - Multi Media Journalist/Reporter,Nexstar Broadcasting,"West Monroe, LA",# an unknown date more than 30 days ago,https://www.indeed.com/viewjob?jk=184568bf27b2f333,nan,indeed,True,nan,nan,nan
Creative Content Journalist,McKinley Marketing Partners,"McLean, VA",# an unknown date more than 30 days ago,https://www.indeed.com/viewjob?jk=dd1281811771ab10,nan,indeed,True,nan,nan,nan
TV Live Center Anchor/Reporter,Capitol Broadcasting Company,"Raleigh, NC 27603",# an unknown date more than 30 days ago,https://www.indeed.com/viewjob?jk=62557c5f53656977,nan,indeed,True,nan,nan,nan
Sports Reporter,Globe Gazette,"Mason City, IA 50401",# an unknown date more than 30 days ago,https://www.indeed.com/viewjob?jk=894ac42284922c6e,nan,indeed,True,nan,nan,nan
PT News Production Assistant,Univision communications inc,"Raleigh, NC",# an unknown date more than 30 days ago,https://www.indeed.com/viewjob?jk=6572a028b056fa2d,nan,indeed,True,nan,nan,nan
Night Editor,Digital First Media,"Monrovia, CA",# an unknown date more than 30 days ago,https://www.indeed.com/viewjob?jk=0b7f67296373a6d1,nan,indeed,True,nan,nan,nan
Internship- City Desk Reporter,Digital First Media,"Denver, CO",# an unknown date more than 30 days ago,https://www.indeed.com/viewjob?jk=a9ec8b682e58196d,nan,indeed,True,nan,nan,nan
Product Manager - Video and News Strategy,McClatchy,"Raleigh, NC",# an unknown date more than 30 days ago,https://www.indeed.com/viewjob?jk=7797fd7d25ef6ffc,nan,indeed,True,4.0,nan,nan
